{
    "plugins": [
        "mobi.monaca.plugins.Monaca",
        "org.apache.cordova.splashscreen",
        "org.apache.cordova.inappbrowser",
        "mobi.monaca.plugins.datepicker"
    ],
    "framework_version": "3.5",
    "xcode_version": "6",
    "cordova_version": "4.1",
    "plugin_settings": [],
    "title-ja": "カスタムスケジューラー",
    "title-en": "",
    "description-ja": "",
    "description-en": "",
    "category": "User Template",
    "platform": [],
    "name": "generated-1442589913-55f188a2fd1734090ee45d2d"
}